{
  "model_name": "bakllava_latest",
  "image_ids": [
    "1",
    "2",
    "3",
    "4",
    "5",
    "6",
    "7",
    "8",
    "9",
    "10",
    "11",
    "12",
    "13",
    "14",
    "15",
    "16",
    "17",
    "18",
    "19",
    "20",
    "21",
    "22",
    "23",
    "24",
    "25",
    "26",
    "27",
    "28",
    "29",
    "30"
  ],
  "categories": [
    "Art, Photos & Cartoons \n(Drawings & Paintings)",
    "Art, Photos & Cartoons \n(Photographs)",
    "Art, Photos & Cartoons \n(Cartoons & Comics) ",
    "Chemistry",
    "Illustrated Diagram (Simple)",
    "Illustrated Diagram (Complex)",
    "Illustrated Diagram (Comparison)",
    "Relational Diagram(Venn)",
    "Relational Diagram \n(Web)",
    "Relational Diagram \n(Tree)",
    "Relational Diagram\n(Flowchart Basic)",
    "Relational Diagram\n(Flowchart Multiple Start Points)",
    "Relational Diagram\n(Flowchart Multiple Paths)",
    "Relational Diagram (Cycle)",
    "Relational Diagram (Cycle)",
    "Graph (Vertical Bar Graph)",
    "Graph (Double)",
    "Graph (Horizontal Bar Graph)",
    "Graph (Line)",
    "Graphs (Pie Chart)",
    "Graphs (Scatter Plot)",
    "Maps (Physical)",
    "Maps (Political)",
    "Maths (Graphs)",
    "Maths (Diagram)",
    "Maths (Geometry)",
    "Table (Simple)",
    "Table (Complex)",
    "Text Only (Nutrition Label)",
    "Text Only (Timeline)"
  ],
  "scores": {
    "bleu": [
      0.006407943561590718,
      0.0027646646087298252,
      0.00888597278397434,
      0.006094621805577547,
      0.00038784549546863373,
      0.00329357012249503,
      0.00012001720607391028,
      0.04891701240484667,
      0.00767191231129824,
      0.007032572280969008,
      0.0035437182967935094,
      0.0008842698867505395,
      0.004527879541380126,
      0.03627823346709234,
      0.0015764669975306504,
      0.009687944745675052,
      0.008645704980961844,
      0.033842138835579544,
      0.027558243592421455,
      0.003974032675176116,
      2.337003542166852e-05,
      0.010437673160221879,
      0.01120964654850108,
      0.018351686674834174,
      0.006989782755735948,
      0.0042827535605363355,
      0.0066564435920769835,
      0.0012047847886743157,
      0.007452869940273089,
      0.027891608057804156
    ],
    "rouge1": [
      0.2181818181818182,
      0.045454545454545456,
      0.23469387755102042,
      0.24390243902439024,
      0.22727272727272727,
      0.08000000000000002,
      0.1006036217303823,
      0.4122137404580153,
      0.25675675675675674,
      0.24161073825503357,
      0.1865671641791045,
      0.08469055374592833,
      0.29102167182662536,
      0.271604938271605,
      0.2061855670103093,
      0.25252525252525254,
      0.17808219178082194,
      0.24615384615384614,
      0.3333333333333333,
      0.20740740740740743,
      0.10958904109589042,
      0.3010752688172043,
      0.21700879765395895,
      0.3626373626373626,
      0.26050420168067223,
      0.22624434389140272,
      0.2702702702702703,
      0.11377245508982035,
      0.2626262626262626,
      0.21518987341772156
    ],
    "rouge2": [
      0.04907975460122699,
      0.0,
      0.030927835051546393,
      0.049586776859504134,
      0.0076335877862595426,
      0.011560693641618497,
      0.0,
      0.07751937984496124,
      0.0547945205479452,
      0.027210884353741496,
      0.015037593984962407,
      0.0,
      0.03115264797507788,
      0.0875,
      0.0,
      0.05102040816326531,
      0.02777777777777778,
      0.0621761658031088,
      0.08982035928143713,
      0.030075187969924814,
      0.041666666666666664,
      0.05434782608695652,
      0.04129793510324484,
      0.09999999999999999,
      0.03389830508474576,
      0.0091324200913242,
      0.0547945205479452,
      0.018072289156626505,
      0.041237113402061855,
      0.07692307692307693
    ],
    "rougeL": [
      0.13333333333333333,
      0.045454545454545456,
      0.16326530612244897,
      0.13008130081300814,
      0.1590909090909091,
      0.045714285714285714,
      0.08853118712273642,
      0.24427480916030533,
      0.16216216216216217,
      0.1342281879194631,
      0.12686567164179105,
      0.058631921824104226,
      0.19195046439628485,
      0.1728395061728395,
      0.09621993127147767,
      0.14141414141414144,
      0.136986301369863,
      0.15384615384615385,
      0.17261904761904762,
      0.13333333333333333,
      0.0821917808219178,
      0.1935483870967742,
      0.11730205278592376,
      0.1758241758241758,
      0.15966386554621848,
      0.17194570135746606,
      0.16216216216216217,
      0.08383233532934131,
      0.22222222222222224,
      0.13924050632911392
    ],
    "meteor": [
      0.18976702871663406,
      0.06666666666666667,
      0.12807881773399016,
      0.20811419984973703,
      0.07172131147540983,
      0.03717472118959108,
      0.036076964190272585,
      0.23332871304164954,
      0.18805309734513276,
      0.15963759757952625,
      0.07557436517533252,
      0.03976143141153081,
      0.1308032744836341,
      0.2096609000952461,
      0.09610052831399643,
      0.1528825431034483,
      0.11103877314814817,
      0.09129967776584319,
      0.11793611793611793,
      0.14084507042253522,
      0.034812880765883375,
      0.14506555671175858,
      0.08155867693701858,
      0.15289450465941515,
      0.12184010994950353,
      0.08819018404907976,
      0.16608391608391607,
      0.05032230867862224,
      0.17182130584192443,
      0.21799628942486085
    ],
    "bert_precision": [
      0.8516240119934082,
      0.8201905488967896,
      0.8392720222473145,
      0.8289565443992615,
      0.8501971364021301,
      0.8375206589698792,
      0.8244061470031738,
      0.8799583315849304,
      0.839501142501831,
      0.8539784550666809,
      0.8496126532554626,
      0.8139272332191467,
      0.8334334492683411,
      0.847042441368103,
      0.8272998332977295,
      0.860938310623169,
      0.8470252752304077,
      0.839559018611908,
      0.8686281442642212,
      0.8362981677055359,
      0.8867892026901245,
      0.8478258848190308,
      0.8417937755584717,
      0.8651881217956543,
      0.8301035165786743,
      0.8294030427932739,
      0.8408688902854919,
      0.849674642086029,
      0.8304818868637085,
      0.8319112658500671
    ],
    "bert_recall": [
      0.8526991009712219,
      0.8686434030532837,
      0.826328694820404,
      0.8594719767570496,
      0.7985975742340088,
      0.6831742525100708,
      0.7581962943077087,
      0.86058109998703,
      0.8812888860702515,
      0.8632920980453491,
      0.7381942272186279,
      0.7410809397697449,
      0.7911956310272217,
      0.8651032447814941,
      0.7791366577148438,
      0.6493344902992249,
      0.8369629979133606,
      0.6555081009864807,
      0.7112604975700378,
      0.7019188404083252,
      0.786291241645813,
      0.8190575242042542,
      0.7926374673843384,
      0.8007326126098633,
      0.8121808767318726,
      0.8037016987800598,
      0.8096358776092529,
      0.6651818752288818,
      0.827133297920227,
      0.8814809918403625
    ],
    "bert_f1": [
      0.8521612286567688,
      0.8437219262123108,
      0.8327500224113464,
      0.8439385294914246,
      0.8235899806022644,
      0.7525145411491394,
      0.7899162173271179,
      0.8701618909835815,
      0.8598875999450684,
      0.8586099743843079,
      0.7899942398071289,
      0.7757977843284607,
      0.8117655515670776,
      0.8559775352478027,
      0.8024962544441223,
      0.7403125166893005,
      0.841964066028595,
      0.7362047433853149,
      0.782106876373291,
      0.7632387280464172,
      0.833521842956543,
      0.8331934213638306,
      0.8164764046669006,
      0.8317134976387024,
      0.8210444450378418,
      0.8163501024246216,
      0.8249568343162537,
      0.7461936473846436,
      0.8288041949272156,
      0.8559790849685669
    ]
  },
  "average_scores": {
    "avg_bleu": 0.010553179490482158,