{
  "model_name": "llama3.2-vision_latest",
  "image_ids": [
    "1",
    "2",
    "3",
    "4",
    "5",
    "6",
    "7",
    "8",
    "9",
    "10",
    "11",
    "12",
    "13",
    "14",
    "15",
    "16",
    "17",
    "18",
    "19",
    "20",
    "21",
    "22",
    "23",
    "24",
    "25",
    "26",
    "27",
    "28",
    "29",
    "30"
  ],
  "categories": [
    "Art, Photos & Cartoons \n(Drawings & Paintings)",
    "Art, Photos & Cartoons \n(Photographs)",
    "Art, Photos & Cartoons \n(Cartoons & Comics) ",
    "Chemistry",
    "Illustrated Diagram (Simple)",
    "Illustrated Diagram (Complex)",
    "Illustrated Diagram (Comparison)",
    "Relational Diagram(Venn)",
    "Relational Diagram \n(Web)",
    "Relational Diagram \n(Tree)",
    "Relational Diagram\n(Flowchart Basic)",
    "Relational Diagram\n(Flowchart Multiple Start Points)",
    "Relational Diagram\n(Flowchart Multiple Paths)",
    "Relational Diagram (Cycle)",
    "Relational Diagram (Cycle)",
    "Graph (Vertical Bar Graph)",
    "Graph (Double)",
    "Graph (Horizontal Bar Graph)",
    "Graph (Line)",
    "Graphs (Pie Chart)",
    "Graphs (Scatter Plot)",
    "Maps (Physical)",
    "Maps (Political)",
    "Maths (Graphs)",
    "Maths (Diagram)",
    "Maths (Geometry)",
    "Table (Simple)",
    "Table (Complex)",
    "Text Only (Nutrition Label)",
    "Text Only (Timeline)"
  ],
  "scores": {
    "bleu": [
      0.007167977260016971,
      0.0010547508260500152,
      0.039864910537591156,
      0.004517047783741061,
      0.010339534775183349,
      0.01873561989470629,
      0.05889369002589819,
      0.07880832618613189,
      0.00299026406364443,
      0.003998952123438038,
      0.0029110693425222845,
      3.581473258053108e-08,
      0.009300072083149383,
      0.02937860166057479,
      0.0009960803067165362,
      0.06458394656225969,
      0,
      0.007768055635788192,
      0,
      0.0034233558659372077,
      0.042789026212718996,
      0,
      0.02350901234887632,
      0,
      0.003252462295030853,
      0.003910125690622946,
      0.0061010822827484565,
      0.06828002629971944,
      0,
      0.0034009867722573145
    ],
    "rouge1": [
      0.15384615384615385,
      0.018691588785046728,
      0.25671641791044775,
      0.2857142857142857,
      0.36317135549872126,
      0.28753993610223644,
      0.3790322580645162,
      0.2702702702702703,
      0.1254355400696864,
      0.22,
      0.2491103202846975,
      0.07627118644067797,
      0.3561076604554866,
      0.25210084033613445,
      0.0821917808219178,
      0.3703703703703704,
      0.0,
      0.2222222222222222,
      0.0,
      0.15864022662889518,
      0.3887147335423197,
      0.0,
      0.3717277486910994,
      0.0,
      0.29278350515463913,
      0.19047619047619047,
      0.20512820512820512,
      0.28,
      0.0,
      0.08383233532934131
    ],
    "rouge2": [
      0.04897959183673469,
      0.0,
      0.06606606606606606,
      0.10526315789473684,
      0.04113110539845758,
      0.12218649517684887,
      0.11590296495956873,
      0.1847826086956522,
      0.021052631578947368,
      0.11409395973154361,
      0.02867383512544803,
      0.0,
      0.09147609147609147,
      0.11864406779661019,
      0.009216589861751152,
      0.17164179104477612,
      0.0,
      0.0704225352112676,
      0.0,
      0.05128205128205129,
      0.14511041009463724,
      0.0,
      0.052631578947368425,
      0.0,
      0.02484472049689441,
      0.038461538461538464,
      0.0687679083094556,
      0.1758793969849246,
      0.0,
      0.012121212121212121
    ],
    "rougeL": [
      0.10526315789473684,
      0.018691588785046728,
      0.17313432835820897,
      0.2337662337662338,
      0.19437340153452687,
      0.16613418530351437,
      0.2150537634408602,
      0.227027027027027,
      0.11149825783972124,
      0.16666666666666669,
      0.1423487544483986,
      0.06779661016949153,
      0.22774327122153212,
      0.15966386554621848,
      0.0821917808219178,
      0.23703703703703705,
      0,
      0.1388888888888889,
      0,
      0.1076487252124646,
      0.30721003134796243,
      0,
      0.20418848167539266,
      0,
      0.18969072164948453,
      0.1523809523809524,
      0.14245014245014243,
      0.25000000000000006,
      0,
      0.0718562874251497
    ],
    "meteor": [
      0.1328125,
      0.054744525547445265,
      0.20761245674740483,
      0.1652892561983471,
      0.16758150054008644,
      0.2059143017476351,
      0.2053501268557958,
      0.3356038030367533,
      0.1269035532994924,
      0.13003901170351106,
      0.08748060167945552,
      0.023183925811437398,
      0.20774287235533062,
      0.22357658416839174,
      0.025670279520821446,
      0.22316894421939915,
      0.0,
      0.07197833523375143,
      0.0,
      0.2598190370293951,
      0.24431004870559203,
      0.0,
      0.14634146341463414,
      0.0,
      0.23462270133164237,
      0.06206361520558573,
      0.15444015444015444,
      0.11967900744578765,
      0.0,
      0.08140043763676148
    ],
    "bert_precision": [
      0.8244674205780029,
      0.786918044090271,
      0.8232314586639404,
      0.8229140043258667,
      0.8347505331039429,
      0.8210522532463074,
      0.8340466618537903,
      0.8082142472267151,
      0.8060755133628845,
      0.8113459944725037,
      0.799702525138855,
      0.6835610866546631,
      0.8232491612434387,
      0.8100646138191223,
      0.6681766510009766,
      0.8330222368240356,
      0.0,
      0.7964844107627869,
      0.0,
      0.7324553728103638,
      0.8121365308761597,
      0.0,
      0.8119786977767944,
      0.0,
      0.8105040788650513,
      0.770742654800415,
      0.789241373538971,
      0.825264573097229,
      0.0,
      0.6259120106697083
    ],
    "bert_recall": [
      0.8442307710647583,
      0.8637101650238037,
      0.8329091668128967,
      0.903359055519104,
      0.8285676836967468,
      0.8290354609489441,
      0.8102529048919678,
      0.8812591433525085,
      0.8506166338920593,
      0.8822296857833862,
      0.7859897017478943,
      0.7388386726379395,
      0.8167323470115662,
      0.8568986058235168,
      0.7727174162864685,
      0.7718073129653931,
      0.0,
      0.7187567949295044,
      0.0,
      0.7736435532569885,
      0.8237093687057495,
      0.0,
      0.7993062734603882,
      0.0,
      0.8467892408370972,
      0.7985924482345581,
      0.8284347057342529,
      0.7410239577293396,
      0.0,
      0.8006855249404907
    ],
    "bert_f1": [
      0.8342320322990417,
      0.8235278129577637,
      0.8280420899391174,
      0.8612621426582336,
      0.8316476345062256,
      0.8250244855880737,
      0.8219776749610901,
      0.8431575894355774,
      0.8277473449707031,
      0.8453044891357422,
      0.7927868366241455,
      0.710125744342804,
      0.8199778199195862,
      0.8328236937522888,
      0.7166546583175659,
      0.8012472987174988,
      0.0,
      0.7556270360946655,
      0.0,
      0.7524862289428711,
      0.8178820013999939,
      0.0,
      0.8055926561355591,
      0.0,
      0.828249454498291,
      0.7844204306602478,
      0.8083632588386536,
      0.7808789014816284,
      0.0,
      0.7025929689407349
    ]
  },
  "average_scores": {
    "avg_bleu": 0.016532500421668542,
    "std_bleu": 0.023055790340343614,
    "avg_rouge1": 0.19800317107145207,
    "std_rouge1": 0.12991328592887008,
    "avg_rouge2": 0.06262107695175276,
    "std_rouge2": 0.057734111361262365,
    "avg_rougeL": 0.13642347202971922,
    "std_rougeL": 0.08570490229121824,
    "avg_meteor": 0.12991096812915373,
    "std_meteor": 0.09171317358870275,
    "avg_bert_precision": 0.6588504036267598,
    "std_bert_precision": 0.29870507154134085,
    "avg_bert_recall": 0.6800032198429108,
    "std_bert_recall": 0.30696500640715424,
    "avg_bert_f1": 0.6683877428372701,
    "std_bert_f1": 0.301413500339379
  }
}