{
  "model_name": "llava-phi3_latest",
  "image_ids": [
    "1",
    "2",
    "3",
    "4",
    "5",
    "6",
    "7",
    "8",
    "9",
    "10",
    "11",
    "12",
    "13",
    "14",
    "15",
    "16",
    "17",
    "18",
    "19",
    "20",
    "21",
    "22",
    "23",
    "24",
    "25",
    "26",
    "27",
    "28",
    "29",
    "30"
  ],
  "categories": [
    "Art, Photos & Cartoons \n(Drawings & Paintings)",
    "Art, Photos & Cartoons \n(Photographs)",
    "Art, Photos & Cartoons \n(Cartoons & Comics) ",
    "Chemistry",
    "Illustrated Diagram (Simple)",
    "Illustrated Diagram (Complex)",
    "Illustrated Diagram (Comparison)",
    "Relational Diagram(Venn)",
    "Relational Diagram \n(Web)",
    "Relational Diagram \n(Tree)",
    "Relational Diagram\n(Flowchart Basic)",
    "Relational Diagram\n(Flowchart Multiple Start Points)",
    "Relational Diagram\n(Flowchart Multiple Paths)",
    "Relational Diagram (Cycle)",
    "Relational Diagram (Cycle)",
    "Graph (Vertical Bar Graph)",
    "Graph (Double)",
    "Graph (Horizontal Bar Graph)",
    "Graph (Line)",
    "Graphs (Pie Chart)",
    "Graphs (Scatter Plot)",
    "Maps (Physical)",
    "Maps (Political)",
    "Maths (Graphs)",
    "Maths (Diagram)",
    "Maths (Geometry)",
    "Table (Simple)",
    "Table (Complex)",
    "Text Only (Nutrition Label)",
    "Text Only (Timeline)"
  ],
  "scores": {
    "bleu": [
      0.007514015083804467,
      0.0012188970814505835,
      0.00523197995929118,
      0.0056934722820839835,
      0.005148572931671319,
      0.0056705334896660995,
      0.002050334935873651,
      0.0036682160389696827,
      0.004709559819754417,
      0.0034865276486909795,
      0.004120962403769473,
      0.003182017124512105,
      0.012664064069875655,
      0.004713481358225326,
      0.0024379841433840588,
      0.031071409484343716,
      0.003844211380562289,
      0.0026876939838343184,
      0.01911134218141114,
      0.0035064374623210793,
      0.022285598623753542,
      0.00778593336275311,
      0.028842915808024654,
      0.009742056787880331,
      0.004110473960128551,
      0.03364716762823713,
      0.00960095104161345,
      0.007841650683336521,
      0.00713031837404279,
      0.00942697532879614
    ],
    "rouge1": [
      0.22972972972972977,
      0.02173913043478261,
      0.2736156351791531,
      0.2222222222222222,
      0.3258426966292135,
      0.09467455621301775,
      0.21052631578947367,
      0.21016949152542375,
      0.25892857142857145,
      0.19917012448132781,
      0.2485207100591716,
      0.15317286652078774,
      0.2885085574572127,
      0.25490196078431376,
      0.307277628032345,
      0.3676470588235294,
      0.18374558303886926,
      0.18502202643171806,
      0.3515151515151515,
      0.16858237547892724,
      0.432601880877743,
      0.2913385826771654,
      0.31331592689295035,
      0.28496042216358836,
      0.2881844380403459,
      0.43529411764705883,
      0.1907894736842105,
      0.18510158013544017,
      0.14516129032258066,
      0.1933085501858736
    ],
    "rouge2": [
      0.0410958904109589,
      0.0,
      0.019672131147540985,
      0.0641711229946524,
      0.04519774011299435,
      0.02380952380952381,
      0.03747870528109029,
      0.020477815699658702,
      0.06306306306306306,
      0.04184100418410042,
      0.03571428571428571,
      0.00879120879120879,
      0.04422604422604423,
      0.10526315789473684,
      0.016260162601626015,
      0.13333333333333333,
      0.021352313167259784,
      0.02666666666666667,
      0.0975609756097561,
      0.038610038610038616,
      0.13880126182965302,
      0.04761904761904762,
      0.07874015748031496,
      0.09018567639257292,
      0.017391304347826087,
      0.09467455621301775,
      0.05960264900662251,
      0.04081632653061225,
      0.04878048780487805,
      0.0749063670411985
    ],
    "rougeL": [
      0.13513513513513514,
      0.02173913043478261,
      0.1498371335504886,
      0.1693121693121693,
      0.1853932584269663,
      0.05325443786982249,
      0.15280135823429544,
      0.1288135593220339,
      0.17857142857142858,
      0.14107883817427386,
      0.15384615384615383,
      0.08315098468271336,
      0.1711491442542787,
      0.1437908496732026,
      0.17250673854447438,
      0.17647058823529413,
      0.11307420494699646,
      0.09691629955947136,
      0.21818181818181814,
      0.10727969348659004,
      0.25705329153605017,
      0.1732283464566929,
      0.16710182767624018,
      0.18469656992084432,
      0.16138328530259366,
      0.21176470588235294,
      0.13157894736842105,
      0.11738148984198646,
      0.11290322580645161,
      0.14869888475836432
    ],
    "meteor": [
      0.15977443609022557,
      0.04048582995951418,
      0.19061112344582598,
      0.25097455214401476,
      0.13886443645414115,
      0.06371222911548498,
      0.0691544885177453,
      0.19820971867007675,
      0.18939393939393945,
      0.13361462728551335,
      0.09286128845037725,
      0.07863089731729879,
      0.16372795969773302,
      0.28695411956997174,
      0.13322457857531264,
      0.21146310896774903,
      0.1290498601732488,
      0.08224790369652804,
      0.15168168098722795,
      0.18136904761904768,
      0.3189733713976795,
      0.22028206563909583,
      0.12665655556043723,
      0.2136465509627274,
      0.20084566596194503,
      0.24580269377146954,
      0.26822558459422285,
      0.08653846153846152,
      0.2152906893592678,
      0.2524914924647545
    ],
    "bert_precision": [
      0.8580160737037659,
      0.7963718175888062,
      0.8168352842330933,
      0.8136114478111267,
      0.8434136509895325,
      0.7959384918212891,
      0.82350754737854,
      0.8237999081611633,
      0.8298245668411255,
      0.8283550143241882,
      0.819648027420044,
      0.7954544425010681,
      0.8318707942962646,
      0.8147948384284973,
      0.8238324522972107,
      0.8404359221458435,
      0.8284947276115417,
      0.8093740940093994,
      0.8785680532455444,
      0.7941744923591614,
      0.8595077395439148,
      0.8250741958618164,
      0.8429937362670898,
      0.8291548490524292,
      0.816483736038208,
      0.828596830368042,
      0.8063108921051025,
      0.8167259693145752,
      0.7944283485412598,
      0.8027035593986511
    ],
    "bert_recall": [
      0.8559595346450806,
      0.864432692527771,
      0.8299748301506042,
      0.8823007345199585,
      0.8328126668930054,
      0.720874547958374,
      0.7782598733901978,
      0.8397562503814697,
      0.9034358263015747,
      0.8563610315322876,
      0.755179226398468,
      0.7586918473243713,
      0.8071640729904175,
      0.8678877949714661,
      0.8234632611274719,
      0.6778448224067688,
      0.8459948301315308,
      0.6693116426467896,
      0.7173593044281006,
      0.731804370880127,
      0.847296416759491,
      0.8360952138900757,
      0.8034121990203857,
      0.8438017964363098,
      0.8329833149909973,
      0.8522796630859375,
      0.8238530158996582,
      0.6758393049240112,
      0.8308490514755249,
      0.8649869561195374
    ],
    "bert_f1": [
      0.8569865226745605,
      0.829007625579834,
      0.8233526349067688,
      0.8465650677680969,
      0.8380796313285828,
      0.7565491199493408,
      0.8002446293830872,
      0.8317015767097473,
      0.8650670647621155,
      0.8421252965927124,
      0.7860941290855408,
      0.7766383290290833,
      0.8193312287330627,
      0.8405037522315979,
      0.8236477971076965,
      0.7504345178604126,
      0.8371533751487732,
      0.7327094078063965,
      0.7898216247558594,
      0.7617148756980896,
      0.8533583879470825,
      0.8305481672286987,
      0.8227271437644958,
      0.8364141583442688,
      0.8246510028839111,
      0.8402714133262634,
      0.8149875998497009,
      0.739633321762085,
      0.81223064661026,
      0.8326822519302368
    ]
  },