{
  "model_name": "llava-v1.5",
  "image_ids": [
    "1",
    "2",
    "3",
    "4",
    "5",
    "6",
    "7",
    "8",
    "9",
    "10",
    "11",
    "12",
    "13",
    "14",
    "15",
    "16",
    "17",
    "18",
    "19",
    "20",
    "21",
    "22",
    "23",
    "24",
    "25",
    "26",
    "27",
    "28",
    "29",
    "30"
  ],
  "categories": [
    "Art, Photos & Cartoons \n(Drawings & Paintings)",
    "Art, Photos & Cartoons \n(Photographs)",
    "Art, Photos & Cartoons \n(Cartoons & Comics) ",
    "Chemistry",
    "Illustrated Diagram (Simple)",
    "Illustrated Diagram (Complex)",
    "Illustrated Diagram (Comparison)",
    "Relational Diagram(Venn)",
    "Relational Diagram \n(Web)",
    "Relational Diagram \n(Tree)",
    "Relational Diagram\n(Flowchart Basic)",
    "Relational Diagram\n(Flowchart Multiple Start Points)",
    "Relational Diagram\n(Flowchart Multiple Paths)",
    "Relational Diagram (Cycle)",
    "Relational Diagram (Cycle)",
    "Graph (Vertical Bar Graph)",
    "Graph (Double)",
    "Graph (Horizontal Bar Graph)",
    "Graph (Line)",
    "Graphs (Pie Chart)",
    "Graphs (Scatter Plot)",
    "Maps (Physical)",
    "Maps (Political)",
    "Maths (Graphs)",
    "Maths (Diagram)",
    "Maths (Geometry)",
    "Table (Simple)",
    "Table (Complex)",
    "Text Only (Nutrition Label)",
    "Text Only (Timeline)"
  ],
  "scores": {
    "bleu": [
      0.009027380604673035,
      0.002877533669929391,
      0.026124181853423155,
      0.012100242398732305,
      0.03204508114695102,
      0.003988140278664242,
      0.012050035668731925,
      0.009680725341678643,
      0.021028683459272796,
      0.020065884387078816,
      0.0021525234863175855,
      0.005963138399706334,
      0.0010429798498321704,
      0.013076704174243734,
      0.005638034711250282,
      0.008106079497461609,
      0.019745342660129634,
      0.03936315646018899,
      0.004800950592043822,
      0.017439560733690757,
      0.036940542185122806,
      0.011188014961232041,
      0.0023022409233175328,
      0.006723795593543837,
      0.008301798427406033,
      0.005204322037901604,
      0.012390516746181544,
      0.0069926474410923695,
      0.015743563114126016,
      0.016539453835072992
    ],
    "rouge1": [
      0.326530612244898,
      0.04761904761904762,
      0.35602094240837695,
      0.3564356435643564,
      0.35135135135135137,
      0.05102040816326531,
      0.31616341030195383,
      0.29508196721311475,
      0.39285714285714285,
      0.3108108108108108,
      0.2,
      0.173134328358209,
      0.13688212927756654,
      0.2955665024630542,
      0.3185840707964602,
      0.2408376963350785,
      0.16883116883116883,
      0.24731182795698925,
      0.3333333333333333,
      0.15254237288135594,
      0.35964912280701755,
      0.38372093023255816,
      0.21710526315789477,
      0.3444444444444444,
      0.25196850393700787,
      0.30303030303030304,
      0.41441441441441446,
      0.10650887573964499,
      0.2654867256637168,
      0.26666666666666666
    ],
    "rouge2": [
      0.09655172413793103,
      0.0,
      0.08465608465608465,
      0.1616161616161616,
      0.108843537414966,
      0.010309278350515464,
      0.10695187165775401,
      0.03333333333333333,
      0.07272727272727272,
      0.08219178082191782,
      0.00806451612903226,
      0.024024024024024024,
      0.007662835249042146,
      0.11940298507462686,
      0.04154302670623146,
      0.06349206349206349,
      0.05263157894736843,
      0.07608695652173914,
      0.07894736842105264,
      0.03448275862068965,
      0.08849557522123894,
      0.07058823529411765,
      0.04635761589403973,
      0.033707865168539325,
      0.03968253968253968,
      0.08163265306122448,
      0.12844036697247704,
      0.041666666666666664,
      0.07207207207207206,
      0.12030075187969924
    ],
    "rougeL": [
      0.20408163265306123,
      0.04761904761904762,
      0.2094240837696335,
      0.21782178217821785,
      0.22972972972972971,
      0.030612244897959183,
      0.20959147424511546,
      0.1967213114754098,
      0.19642857142857142,
      0.21621621621621623,
      0.12,
      0.11343283582089553,
      0.09885931558935361,
      0.22660098522167488,
      0.18289085545722714,
      0.16753926701570682,
      0.1038961038961039,
      0.17204301075268816,
      0.20261437908496732,
      0.13559322033898305,
      0.2192982456140351,
      0.20930232558139533,
      0.14473684210526316,
      0.19999999999999998,
      0.1811023622047244,
      0.21212121212121213,
      0.2702702702702703,
      0.10059171597633136,
      0.23008849557522124,
      0.20740740740740743
    ],
    "meteor": [
      0.2341403246642076,
      0.06802721088435375,
      0.21368879567637333,
      0.27346606395000994,
      0.13971208326640286,
      0.04849874658158614,
      0.12200366157933962,
      0.0983606557377049,
      0.2807454890788224,
      0.205,
      0.058068459657701715,
      0.07333233717124968,
      0.04617055947854427,
      0.24460115082652517,
      0.15713241550765059,
      0.10597302504816955,
      0.129067096636802,
      0.1184646168452299,
      0.1191778742799151,
      0.11458333333333333,
      0.1502843216896832,
      0.18430425851372756,
      0.07600184246890833,
      0.1527510764186464,
      0.12743628185907044,
      0.11700468018720749,
      0.14743128905601943,
      0.04052684903748733,
      0.25860898244252595,
      0.23112859601671992
    ],
    "bert_precision": [
      0.8631883263587952,
      0.8198645114898682,
      0.8616514205932617,
      0.8587056398391724,
      0.862737238407135,
      0.8251121044158936,
      0.849284291267395,
      0.8708397746086121,
      0.8668047189712524,
      0.8664726614952087,
      0.8505271673202515,
      0.8409006595611572,
      0.8460792303085327,
      0.8504330515861511,
      0.8324301242828369,
      0.8648563623428345,
      0.8552649021148682,
      0.852494478225708,
      0.8767275214195251,
      0.8248918652534485,
      0.8653870820999146,
      0.8505404591560364,
      0.8499035239219666,
      0.8530210256576538,
      0.8439395427703857,
      0.8552489876747131,
      0.8370001316070557,
      0.852888822555542,
      0.8350017070770264,
      0.836365282535553
    ],
    "bert_recall": [
      0.8602219223976135,
      0.8663297295570374,
      0.8262524604797363,
      0.8835278749465942,
      0.8128728866577148,
      0.6893947720527649,
      0.7878563404083252,
      0.8442701697349548,
      0.8757460713386536,
      0.8767780661582947,
      0.7395195364952087,
      0.7601730823516846,
      0.7635749578475952,
      0.8683151006698608,
      0.8115712404251099,
      0.6597180366516113,
      0.8275664448738098,
      0.6655452847480774,
      0.7007740139961243,
      0.6949477195739746,
      0.8039577603340149,
      0.814944863319397,
      0.7823220491409302,
      0.792637050151825,
      0.8299681544303894,
      0.8119742274284363,
      0.8188527822494507,
      0.6606205701828003,
      0.8233062028884888,
      0.8595528602600098
    ],
    "bert_f1": [
      0.861702561378479,
      0.8424569964408875,
      0.8435807228088379,
      0.8709399104118347,
      0.837063193321228,
      0.7511725425720215,
      0.8174178600311279,
      0.8573492169380188,
      0.8712524771690369,
      0.8715949058532715,
      0.7911484241485596,
      0.79850172996521,
      0.8027126789093018,
      0.859281063079834,
      0.821868360042572,
      0.7484860420227051,
      0.8411877155303955,
      0.7475083470344543,
      0.7789378762245178,
      0.7543647885322571,
      0.8335421681404114,
      0.8323622941970825,
      0.814713716506958,
      0.8217212557792664,
      0.8368955254554749,
      0.8330499529838562,
      0.827826976776123,
      0.7445423603057861,
      0.829112708568573,
      0.8478005528450012
    ]
  },
  "average_scores": {
    "avg_bleu": 0.012954775154633232,
    "std_bleu": 0.009911037151556884,