{
  "model_name": "llava-llama3_latest",
  "image_ids": [
    "1",
    "2",
    "3",
    "4",
    "5",
    "6",
    "7",
    "8",
    "9",
    "10",
    "11",
    "12",
    "13",
    "14",
    "15",
    "16",
    "17",
    "18",
    "19",
    "20",
    "21",
    "22",
    "23",
    "24",
    "25",
    "26",
    "27",
    "28",
    "29",
    "30"
  ],
  "categories": [
    "Art, Photos & Cartoons \n(Drawings & Paintings)",
    "Art, Photos & Cartoons \n(Photographs)",
    "Art, Photos & Cartoons \n(Cartoons & Comics) ",
    "Chemistry",
    "Illustrated Diagram (Simple)",
    "Illustrated Diagram (Complex)",
    "Illustrated Diagram (Comparison)",
    "Relational Diagram(Venn)",
    "Relational Diagram \n(Web)",
    "Relational Diagram \n(Tree)",
    "Relational Diagram\n(Flowchart Basic)",
    "Relational Diagram\n(Flowchart Multiple Start Points)",
    "Relational Diagram\n(Flowchart Multiple Paths)",
    "Relational Diagram (Cycle)",
    "Relational Diagram (Cycle)",
    "Graph (Vertical Bar Graph)",
    "Graph (Double)",
    "Graph (Horizontal Bar Graph)",
    "Graph (Line)",
    "Graphs (Pie Chart)",
    "Graphs (Scatter Plot)",
    "Maps (Physical)",
    "Maps (Political)",
    "Maths (Graphs)",
    "Maths (Diagram)",
    "Maths (Geometry)",
    "Table (Simple)",
    "Table (Complex)",
    "Text Only (Nutrition Label)",
    "Text Only (Timeline)"
  ],
  "scores": {
    "bleu": [
      0.005610138765385471,
      0.002104351645526129,
      0.011758391895386286,
      0.005267250354064093,
      0.005109440239246031,
      0.0030618445335563417,
      0.003955714000322422,
      0.011220749860247821,
      0.0028298140738115003,
      0.002913935689056568,
      0.009071848797788839,
      0.0032262159846223534,
      0.004541907565356381,
      0.00824351221005205,
      0.012485011655362406,
      0.09296821370374816,
      0.008302613050252088,
      0.0031702529527901455,
      0.05472093831625144,
      0.0017685591052062812,
      0.0049739573066349425,
      0.007738624294839626,
      0.012086518630565587,
      0.009664617659181852,
      0.004864391454195501,
      0.009158936160820173,
      0.004484907797995561,
      0.007879838049513926,
      0.004550730895332167,
      0.04645702728788889
    ],
    "rouge1": [
      0.16753926701570682,
      0.03571428571428572,
      0.24793388429752067,
      0.21505376344086022,
      0.36403508771929827,
      0.13846153846153844,
      0.3039073806078148,
      0.20359281437125748,
      0.15849056603773584,
      0.1724137931034483,
      0.32599118942731276,
      0.14516129032258066,
      0.4041237113402062,
      0.23312883435582823,
      0.28346456692913385,
      0.31360946745562135,
      0.18571428571428572,
      0.15873015873015872,
      0.3333333333333333,
      0.1700404858299595,
      0.3342776203966006,
      0.23580786026200873,
      0.3574144486692015,
      0.40375586854460094,
      0.2798982188295165,
      0.356060606060606,
      0.23664122137404578,
      0.10065645514223194,
      0.14444444444444443,
      0.279835390946502
    ],
    "rouge2": [
      0.031746031746031744,
      0.0,
      0.0443213296398892,
      0.07608695652173914,
      0.05726872246696035,
      0.04123711340206186,
      0.06676342525399127,
      0.08433734939759036,
      0.015209125475285171,
      0.006944444444444444,
      0.05752212389380531,
      0.016194331983805665,
      0.11594202898550723,
      0.07407407407407408,
      0.036939313984168866,
      0.1607142857142857,
      0.050359712230215826,
      0.006389776357827477,
      0.09174311926605505,
      0.024489795918367346,
      0.05128205128205129,
      0.04405286343612334,
      0.07251908396946564,
      0.0947867298578199,
      0.05626598465473146,
      0.04580152671755725,
      0.046153846153846156,
      0.026373626373626374,
      0.033707865168539325,
      0.17427385892116184
    ],
    "rougeL": [
      0.11518324607329843,
      0.03571428571428572,
      0.14325068870523416,
      0.15053763440860216,
      0.19298245614035087,
      0.09230769230769231,
      0.1881331403762663,
      0.13772455089820357,
      0.10566037735849058,
      0.09655172413793105,
      0.16299559471365638,
      0.08467741935483872,
      0.21855670103092784,
      0.147239263803681,
      0.14698162729658792,
      0.23076923076923078,
      0.14285714285714288,
      0.08888888888888889,
      0.1735159817351598,
      0.12955465587044535,
      0.19263456090651557,
      0.15720524017467247,
      0.18250950570342206,
      0.22535211267605632,
      0.178117048346056,
      0.21212121212121213,
      0.1679389312977099,
      0.07439824945295404,
      0.1111111111111111,
      0.23868312757201646
    ],
    "meteor": [
      0.1718110019010153,
      0.0574712643678161,
      0.19197952218430034,
      0.24061900575447576,
      0.16337096367902904,
      0.06609642301710733,
      0.1340149959331191,
      0.24353101325757576,
      0.14991181657848324,
      0.1443569553805774,
      0.1439380097879282,
      0.09080902952481536,
      0.2036857419980601,
      0.3216889515428539,
      0.14555197231003975,
      0.30586452448210927,
      0.12163070905490195,
      0.09152215799614644,
      0.18185184332164628,
      0.17905635529721634,
      0.2212454524870568,
      0.14427860696517414,
      0.1673528832640127,
      0.1680902994434675,
      0.2,
      0.1808658385138057,
      0.25442584958090375,
      0.05510301868711069,
      0.18662414660438376,
      0.46227340584346355
    ],
    "bert_precision": [
      0.8399654626846313,
      0.8093591332435608,
      0.8123435974121094,
      0.8261963129043579,
      0.8178600072860718,
      0.7849805951118469,
      0.807465136051178,
      0.8071922063827515,
      0.8121079206466675,
      0.8102285265922546,
      0.823401689529419,
      0.7965244054794312,
      0.8260025978088379,
      0.8011195063591003,
      0.8232867121696472,
      0.844180166721344,
      0.8285142183303833,
      0.8037956953048706,
      0.8491648435592651,
      0.8056224584579468,
      0.8364282250404358,
      0.8270074129104614,
      0.8195729851722717,
      0.8617597818374634,
      0.8202967643737793,
      0.8338876962661743,
      0.818061888217926,
      0.8027780055999756,
      0.8005632758140564,
      0.8302003145217896
    ],
    "bert_recall": [
      0.8516138792037964,
      0.8864291310310364,
      0.8337460160255432,
      0.8914583921432495,
      0.8199262619018555,
      0.7311148047447205,
      0.7856435179710388,
      0.8503929376602173,
      0.8582502007484436,
      0.8664263486862183,
      0.7607619762420654,
      0.7782934904098511,
      0.8295266032218933,
      0.8750019669532776,
      0.8090511560440063,
      0.707590639591217,
      0.8533307313919067,
      0.6890057921409607,
      0.7194578647613525,
      0.768069863319397,
      0.82875657081604,
      0.8330361843109131,
      0.8287646174430847,
      0.828217089176178,
      0.8280700445175171,
      0.8241183757781982,
      0.8211022615432739,
      0.6845781803131104,
      0.8232789039611816,
      0.8971685767173767
    ],
    "bert_f1": [
      0.84574955701828,
      0.8461428284645081,
      0.8229057192802429,
      0.8575875163078308,
      0.8188918828964233,
      0.7570908069610596,
      0.7964048981666565,
      0.8282296657562256,
      0.8345417380332947,
      0.8373856544494629,
      0.7908434271812439,
      0.7873033881187439,
      0.8277608752250671,
      0.8364323973655701,
      0.816106915473938,
      0.7698739767074585,
      0.840739369392395,
      0.7419873476028442,
      0.7789487242698669,
      0.7863981127738953,
      0.8325747847557068,
      0.8300108909606934,
      0.8241431713104248,
      0.8446555733680725,
      0.8241650462150574,
      0.8289742469787598,
      0.8195792436599731,
      0.7389814257621765,
      0.8117622137069702,
      0.8623863458633423
    ]
  },
  "average_scores": {
    "avg_bleu": 0.012139675131166698,