{
  "model_name": "minicpm-v_latest",
  "image_ids": [
    "1",
    "2",
    "3",
    "4",
    "5",
    "6",
    "7",
    "8",
    "9",
    "10",
    "11",
    "12",
    "13",
    "14",
    "15",
    "16",
    "17",
    "18",
    "19",
    "20",
    "21",
    "22",
    "23",
    "24",
    "25",
    "26",
    "27",
    "28",
    "29",
    "30"
  ],
  "categories": [
    "Art, Photos & Cartoons \n(Drawings & Paintings)",
    "Art, Photos & Cartoons \n(Photographs)",
    "Art, Photos & Cartoons \n(Cartoons & Comics) ",
    "Chemistry",
    "Illustrated Diagram (Simple)",
    "Illustrated Diagram (Complex)",
    "Illustrated Diagram (Comparison)",
    "Relational Diagram(Venn)",
    "Relational Diagram \n(Web)",
    "Relational Diagram \n(Tree)",
    "Relational Diagram\n(Flowchart Basic)",
    "Relational Diagram\n(Flowchart Multiple Start Points)",
    "Relational Diagram\n(Flowchart Multiple Paths)",
    "Relational Diagram (Cycle)",
    "Relational Diagram (Cycle)",
    "Graph (Vertical Bar Graph)",
    "Graph (Horizontal Bar Graph)",
    "Graph (Double)",
    "Graph (Line)",
    "Graphs (Pie Chart)",
    "Graphs (Scatter Plot)",
    "Maps (Physical)",
    "Maps (Political)",
    "Maths (Graphs)",
    "Maths (Diagram)",
    "Maths (Geometry)",
    "Table (Simple)",
    "Table (Complex)",
    "Text Only (Nutrition Label)",
    "Text Only (Timeline)"
  ],
  "scores": {
    "bleu": [
      0.0032542588930631403,
      0.001514827573192565,
      0.01831762652019012,
      0.004863726644785607,
      0,
      0,
      0.0034849701319846086,
      0.026003129529063144,
      0.03405100973807503,
      0.049023835842276285,
      0.008288885277443198,
      0.0031411080182428067,
      0.009604808763438772,
      0,
      0.012632046128944797,
      0.07920573969817077,
      0.0023391196051784397,
      0.0022439633938682152,
      0.020570450858258944,
      0.011037091087412253,
      0.01219989947415697,
      0.007685787529775742,
      0,
      0,
      0.005983492599627106,
      0,
      4.623757105193804e-05,
      0.06475888186962112,
      0.004084062992408798,
      0.03472442451831464
    ],
    "rouge1": [
      0.18604651162790695,
      0.03614457831325301,
      0.29951690821256044,
      0.25766871165644173,
      0.009433962264150945,
      0.0,
      0.25368731563421826,
      0.4263959390862944,
      0.2622950819672131,
      0.3582089552238806,
      0.34703196347031967,
      0.18503937007874016,
      0.40178571428571425,
      0.0,
      0.3698296836982968,
      0.4180064308681672,
      0.0975609756097561,
      0.10434782608695652,
      0.3676148796498906,
      0.2918454935622318,
      0.3692307692307692,
      0.3461538461538462,
      0.040160642570281124,
      0.07874015748031496,
      0.3416149068322981,
      0.09589041095890412,
      0.22950819672131148,
      0.2835538752362949,
      0.15887850467289721,
      0.3119266055045872
    ],
    "rouge2": [
      0.015624999999999998,
      0.0,
      0.0679611650485437,
      0.08695652173913042,
      0.0,
      0.0,
      0.05325443786982249,
      0.15384615384615383,
      0.09944751381215469,
      0.16541353383458646,
      0.06422018348623854,
      0.023715415019762848,
      0.07174887892376683,
      0.0,
      0.06356968215158924,
      0.17475728155339806,
      0.0,
      0.0,
      0.10549450549450548,
      0.06926406926406926,
      0.08247422680412371,
      0.05426356589147287,
      0.024291497975708502,
      0.0,
      0.075,
      0.0,
      0.16949152542372883,
      0.11764705882352941,
      0.028301886792452827,
      0.19444444444444445
    ],
    "rougeL": [
      0.10077519379844961,
      0.03614457831325301,
      0.15458937198067635,
      0.2085889570552147,
      0.009433962264150945,
      0,
      0.1504424778761062,
      0.19289340101522845,
      0.14207650273224043,
      0.23134328358208955,
      0.1598173515981735,
      0.11023622047244094,
      0.20089285714285712,
      0,
      0.1654501216545012,
      0.2122186495176849,
      0.056910569105691054,
      0.05217391304347826,
      0.17943107221006563,
      0.13733905579399142,
      0.21025641025641026,
      0.18461538461538463,
      0.040160642570281124,
      0.06299212598425197,
      0.19875776397515527,
      0.0684931506849315,
      0.22950819672131148,
      0.18903591682419663,
      0.1308411214953271,
      0.28440366972477066
    ],
    "meteor": [
      0.20243705458966788,
      0.06578947368421054,
      0.2543094355543501,
      0.14745308310991959,
      0.0,
      0.0,
      0.123841853662787,
      0.36411775109480915,
      0.2845739219712526,
      0.30757065948856,
      0.1582054650503553,
      0.10618175273923938,
      0.17784659362095406,
      0.0,
      0.18044100594858384,
      0.35397923875432524,
      0.07142857142857144,
      0.0881316098707403,
      0.20828158343770592,
      0.3240485383342526,
      0.2617637586502288,
      0.2120861684102951,
      0.0,
      0.0,
      0.18097941802696949,
      0.0,
      0.010330578512396695,
      0.20644684330336557,
      0.21659908083265755,
      0.4746273676119098
    ],
    "bert_precision": [
      0.8261346220970154,
      0.7988861203193665,
      0.7955336570739746,
      0.8208081722259521,
      0.6699767708778381,
      0.6770682334899902,
      0.8128114938735962,
      0.8532339334487915,
      0.8323525190353394,
      0.8428916931152344,
      0.8226732015609741,
      0.8063229322433472,
      0.8232810497283936,
      0.6684168577194214,
      0.8293673992156982,
      0.8391396403312683,
      0.7908716201782227,
      0.7946404218673706,
      0.8356985449790955,
      0.81044602394104,
      0.8330299258232117,
      0.8160613775253296,
      0.6666275858879089,
      0.6653041839599609,
      0.8188388347625732,
      0.6619865298271179,
      0.663216769695282,
      0.821166455745697,
      0.7822629809379578,
      0.82572340965271
    ],
    "bert_recall": [
      0.8625932931900024,
      0.8621220588684082,
      0.8426244258880615,
      0.8968090415000916,
      0.7438742518424988,
      0.6886594891548157,
      0.806789755821228,
      0.8885918855667114,
      0.8975709676742554,
      0.9013159275054932,
      0.771568775177002,
      0.7772327661514282,
      0.8267892599105835,
      0.7719345092773438,
      0.8411881923675537,
      0.6945888996124268,
      0.6718026399612427,
      0.8020104169845581,
      0.7283333539962769,
      0.7688425779342651,
      0.8376166224479675,
      0.839354395866394,
      0.7599819898605347,
      0.7739735245704651,
      0.8470072746276855,
      0.7577462792396545,
      0.7985937595367432,
      0.7869241237640381,
      0.8332669734954834,
      0.9026187658309937
    ],
    "bert_f1": [
      0.8439704179763794,
      0.8293004035949707,
      0.8184021711349487,
      0.8571271300315857,
      0.7049943208694458,
      0.6828147172927856,
      0.8097894191741943,
      0.8705540299415588,
      0.8637323975563049,
      0.8711252808570862,
      0.7963019013404846,
      0.7915106415748596,
      0.8250313997268677,
      0.7164558172225952,
      0.8352359533309937,
      0.7600524425506592,
      0.7264907360076904,
      0.7983084321022034,
      0.7783308625221252,
      0.7890962958335876,
      0.8353169560432434,
      0.8275440335273743,
      0.7102503180503845,
      0.7155364155769348,
      0.8326848745346069,
      0.7066369652748108,
      0.7246366739273071,
      0.8036807179450989,
      0.8069598078727722,
      0.8624605536460876
    ]
  },
  "average_scores": {
    "avg_bleu": 0.0139686461419515,
    "std_bleu": 0.01965434697212262,
    "avg_rouge1": 0.2309372738885832,
    "std_rouge1": 0.13530724282580311,
    "avg_rouge2": 0.06537295160663942,
    "std_rouge2": 0.05928843534489741,
    "avg_rougeL": 0.13666073073361043,
    "std_rougeL": 0.07619739115192281,
    "avg_meteor": 0.1660490269229369,
    "std_meteor": 0.125999428651956,
    "avg_bert_precision": 0.7834924320379894,