{
  "model_name": "mistral-small3.2_latest",
  "image_ids": [
    "1",
    "2",
    "3",
    "4",
    "5",
    "6",
    "7",
    "8",
    "9",
    "10",
    "11",
    "12",
    "13",
    "14",
    "15",
    "16",
    "17",
    "18",
    "19",
    "20",
    "21",
    "22",
    "23",
    "24",
    "25",
    "26",
    "27",
    "28",
    "29",
    "30"
  ],
  "categories": [
    "Art, Photos & Cartoons \n(Drawings & Paintings)",
    "Art, Photos & Cartoons \n(Photographs)",
    "Art, Photos & Cartoons \n(Cartoons & Comics) ",
    "Chemistry",
    "Illustrated Diagram (Simple)",
    "Illustrated Diagram (Complex)",
    "Illustrated Diagram (Comparison)",
    "Relational Diagram(Venn)",
    "Relational Diagram \n(Web)",
    "Relational Diagram \n(Tree)",
    "Relational Diagram\n(Flowchart Basic)",
    "Relational Diagram\n(Flowchart Multiple Start Points)",
    "Relational Diagram\n(Flowchart Multiple Paths)",
    "Relational Diagram (Cycle)",
    "Relational Diagram (Cycle)",
    "Graph (Vertical Bar Graph)",
    "Graph (Double)",
    "Graph (Horizontal Bar Graph)",
    "Graph (Line)",
    "Graphs (Pie Chart)",
    "Graphs (Scatter Plot)",
    "Maps (Physical)",
    "Maps (Political)",
    "Maths (Graphs)",
    "Maths (Diagram)",
    "Maths (Geometry)",
    "Table (Simple)",
    "Table (Complex)",
    "Text Only (Nutrition Label)",
    "Text Only (Timeline)"
  ],
  "scores": {
    "bleu": [
      0.002557347675899606,
      0.0007736738196500679,
      0.009003321556995323,
      0.021941827541923205,
      0.059511301842454026,
      0.002825546779891711,
      0.028635445516761615,
      0.01579635901140243,
      0.01662779417132035,
      0.00744815947491243,
      0.009233660556827129,
      0.010909491612826554,
      0.005717764867951645,
      0.017988865776314703,
      0.026841593514275734,
      0.09902406484540176,
      0.007827488251723181,
      0.02956986928835702,
      0.08209225198276238,
      0.008907502084443783,
      0.019487196849353204,
      0.03508642690512598,
      0.020157051377884032,
      0.03878673591270726,
      0.013119805193453314,
      0.09697517535475497,
      0.018057062118296736,
      0.046332534295934764,
      0.00334892711552307,
      0.016503655523278635
    ],
    "rouge1": [
      0.134185303514377,
      0.01892744479495268,
      0.24512534818941506,
      0.25396825396825395,
      0.4715447154471545,
      0.2278481012658228,
      0.2885572139303483,
      0.3426294820717131,
      0.17857142857142858,
      0.24477611940298508,
      0.311284046692607,
      0.354639175257732,
      0.45353159851301117,
      0.20642201834862384,
      0.34797297297297297,
      0.43410852713178294,
      0.32876712328767127,
      0.32663316582914576,
      0.47368421052631576,
      0.2328358208955224,
      0.39908256880733944,
      0.32080200501253137,
      0.4219554030874786,
      0.3737373737373738,
      0.2681744749596123,
      0.4525252525252525,
      0.4615384615384615,
      0.2023217247097844,
      0.1238095238095238,
      0.16149068322981366
    ],
    "rouge2": [
      0.012861736334405145,
      0.0,
      0.05042016806722689,
      0.11764705882352942,
      0.15918367346938775,
      0.09322033898305085,
      0.04488778054862843,
      0.10441767068273092,
      0.09580838323353293,
      0.09009009009009009,
      0.046875,
      0.10351966873706005,
      0.13805970149253732,
      0.0783410138248848,
      0.07796610169491525,
      0.24415584415584415,
      0.08275862068965516,
      0.11616161616161616,
      0.17479674796747968,
      0.060060060060060066,
      0.15207373271889402,
      0.15113350125944586,
      0.08605851979345956,
      0.13705583756345177,
      0.0713128038897893,
      0.2799188640973631,
      0.14563106796116507,
      0.06655574043261231,
      0.038461538461538464,
      0.09999999999999999
    ],
    "rougeL": [
      0.10223642172523963,
      0.01892744479495268,
      0.1615598885793872,
      0.1904761904761905,
      0.27235772357723576,
      0.1561181434599156,
      0.1716417910447761,
      0.20717131474103584,
      0.14285714285714285,
      0.16119402985074627,
      0.17509727626459146,
      0.21030927835051547,
      0.24535315985130116,
      0.16055045871559634,
      0.1722972972972973,
      0.248062015503876,
      0.22602739726027393,
      0.21608040201005027,
      0.24696356275303644,
      0.1253731343283582,
      0.2752293577981651,
      0.2155388471177945,
      0.1921097770154374,
      0.21717171717171715,
      0.18416801292407106,
      0.28686868686868683,
      0.34615384615384615,
      0.14262023217247094,
      0.1238095238095238,
      0.15527950310559008
    ],
    "meteor": [
      0.17266187050359713,
      0.0398936170212766,
      0.19425675675675674,
      0.2825544216197276,
      0.24973451656504217,
      0.15858275867252816,
      0.16050532031767084,
      0.2971196868008949,
      0.25595756595321045,
      0.20184730743012955,
      0.15926892950391647,
      0.20192918747162958,
      0.2632171162017383,
      0.32243045047142366,
      0.204830191309416,
      0.40957565882051084,
      0.16738660907127428,
      0.14585486725663718,
      0.26126400599091537,
      0.2788606134933497,
      0.34497946366481225,
      0.27180750150866934,
      0.21350142334282227,
      0.2700982496037075,
      0.25116561937008114,
      0.34160434831614905,
      0.40550870809654466,
      0.1274062636503083,
      0.13349514563106796,
      0.23586483773837405
    ],
    "bert_precision": [
      0.8236874938011169,
      0.7721953988075256,
      0.8000038862228394,
      0.8316726088523865,
      0.8433619737625122,
      0.8015576601028442,
      0.8036737442016602,
      0.8472587466239929,
      0.7867738008499146,
      0.8062841892242432,
      0.8220720291137695,
      0.7927303910255432,
      0.8184573650360107,
      0.7890809774398804,
      0.8142765760421753,
      0.8254460096359253,
      0.840445876121521,
      0.7853397130966187,
      0.8482466340065002,
      0.8034220933914185,
      0.8321869373321533,
      0.8017692565917969,
      0.8280588984489441,
      0.8183565735816956,
      0.8088642358779907,
      0.8254459500312805,
      0.850309431552887,
      0.8000409007072449,
      0.7888910174369812,
      0.8008872866630554
    ],
    "bert_recall": [
      0.8474531769752502,
      0.8547124862670898,
      0.8286492824554443,
      0.904514491558075,
      0.8522686958312988,
      0.813426673412323,
      0.8013191819190979,
      0.8753476738929749,
      0.8851022720336914,
      0.8749943971633911,
      0.8336893320083618,
      0.8019906282424927,
      0.8332773447036743,
      0.87058025598526,
      0.8483012914657593,
      0.8397744297981262,
      0.8848641514778137,
      0.8171764016151428,
      0.8285747170448303,
      0.8339565992355347,
      0.8496199250221252,
      0.8637038469314575,
      0.8391866087913513,
      0.8475219011306763,
      0.846123456954956,
      0.856244683265686,
      0.8736692070960999,
      0.7209041714668274,
      0.8186761140823364,
      0.8706780076026917
    ],
    "bert_f1": [
      0.8354013562202454,
      0.8113613128662109,
      0.8140746355056763,
      0.866565465927124,
      0.8477919101715088,
      0.8074485659599304,
      0.8024947047233582,
      0.8610742092132568,
      0.8330464959144592,
      0.8392353057861328,
      0.8278399109840393,
      0.7973335981369019,
      0.825800895690918,
      0.8278295397758484,
      0.8309407234191895,
      0.8325484991073608,
      0.8620831966400146,
      0.8009417653083801,
      0.8382953405380249,
      0.8184046149253845,
      0.8408131003379822,
      0.8315849304199219,
      0.8335856199264526,
      0.8326839208602905,
      0.8270744681358337,
      0.8405632972717285,
      0.8618310689926147,
      0.7584137916564941,
      0.8035076856613159,
      0.8343256711959839
    ]
  },
  "average_scores": {
    "avg_bleu": 0.025702930027280215,