{
  "model_name": "moondream_latest",
  "image_ids": [
    "1",
    "2",
    "3",
    "4",
    "5",
    "6",
    "7",
    "8",
    "9",
    "10",
    "11",
    "12",
    "13",
    "14",
    "15",
    "16",
    "17",
    "18",
    "19",
    "20",
    "21",
    "22",
    "23",
    "24",
    "25",
    "26",
    "27",
    "28",
    "29",
    "30"
  ],
  "categories": [
    "Art, Photos & Cartoons \n(Drawings & Paintings)",
    "Art, Photos & Cartoons \n(Photographs)",
    "Art, Photos & Cartoons \n(Cartoons & Comics) ",
    "Chemistry",
    "Illustrated Diagram (Simple)",
    "Illustrated Diagram (Complex)",
    "Illustrated Diagram (Comparison)",
    "Relational Diagram(Venn)",
    "Relational Diagram \n(Web)",
    "Relational Diagram \n(Tree)",
    "Relational Diagram\n(Flowchart Basic)",
    "Relational Diagram\n(Flowchart Multiple Start Points)",
    "Relational Diagram\n(Flowchart Multiple Paths)",
    "Relational Diagram (Cycle)",
    "Relational Diagram (Cycle)",
    "Graph (Vertical Bar Graph)",
    "Graph (Double)",
    "Graph (Horizontal Bar Graph)",
    "Graph (Line)",
    "Graphs (Pie Chart)",
    "Graphs (Scatter Plot)",
    "Maps (Physical)",
    "Maps (Political)",
    "Maths (Graphs)",
    "Maths (Diagram)",
    "Maths (Geometry)",
    "Table (Simple)",
    "Table (Complex)",
    "Text Only (Nutrition Label)",
    "Text Only (Timeline)"
  ],
  "scores": {
    "bleu": [
      0.0036647909661373774,
      0,
      0.01644201100605662,
      0,
      0.002891767943978788,
      0.002159617313964822,
      0.0007543382603964585,
      0.010390409029121599,
      0.01916661072585203,
      0.028633829242838478,
      0.008108815916171894,
      0.0008387328640662143,
      0.0035400725674755327,
      0.014332600919899501,
      0.014379358912489523,
      0.10564826354129307,
      0.011676556853918276,
      0.012952927786858168,
      0.0036620036342717905,
      0.006736265445287176,
      0.007489626942921714,
      0.008587002177843615,
      0.001977357956253712,
      0.04939759284168753,
      0.004646326061891119,
      0.043499696699055235,
      0.005983375887662023,
      0.0022899077826369304,
      0.013362018310251366,
      0.017949917848805702
    ],
    "rouge1": [
      0.20547945205479454,
      0.0,
      0.29850746268656714,
      0.0,
      0.2564102564102564,
      0.12972972972972974,
      0.170873786407767,
      0.27941176470588236,
      0.33027522935779813,
      0.3770491803278688,
      0.31543624161073824,
      0.14521452145214522,
      0.25735294117647056,
      0.287037037037037,
      0.26666666666666666,
      0.3689320388349514,
      0.2777777777777778,
      0.18285714285714286,
      0.27298050139275765,
      0.24060150375939854,
      0.34951456310679613,
      0.32608695652173914,
      0.25165562913907286,
      0.39548022598870053,
      0.23300970873786406,
      0.31718061674008813,
      0.336283185840708,
      0.12121212121212122,
      0.208,
      0.30985915492957744
    ],
    "rouge2": [
      0.0,
      0.0,
      0.030150753768844223,
      0.0,
      0.01935483870967742,
      0.0,
      0.038986354775828465,
      0.04477611940298507,
      0.056074766355140186,
      0.09999999999999999,
      0.040540540540540536,
      0.0066445182724252485,
      0.08148148148148149,
      0.12149532710280374,
      0.08955223880597014,
      0.1568627450980392,
      0.08450704225352113,
      0.046242774566473986,
      0.028011204481792718,
      0.04580152671755725,
      0.08823529411764706,
      0.03296703296703296,
      0.06666666666666668,
      0.1257142857142857,
      0.0392156862745098,
      0.11555555555555555,
      0.0,
      0.0443213296398892,
      0.06504065040650407,
      0.18571428571428572
    ],
    "rougeL": [
      0.12328767123287673,
      0,
      0.1890547263681592,
      0,
      0.17948717948717952,
      0.08648648648648649,
      0.13203883495145632,
      0.14705882352941174,
      0.20183486238532108,
      0.2459016393442623,
      0.15436241610738252,
      0.0858085808580858,
      0.15441176470588236,
      0.18518518518518517,
      0.16296296296296298,
      0.20388349514563106,
      0.18055555555555552,
      0.12571428571428572,
      0.1392757660167131,
      0.16541353383458648,
      0.23300970873786406,
      0.18478260869565216,
      0.14569536423841062,
      0.2485875706214689,
      0.1262135922330097,
      0.22026431718061676,
      0.19469026548672566,
      0.08815426997245178,
      0.176,
      0.26760563380281693
    ],
    "meteor": [
      0.15122873345935728,
      0.0,
      0.14662756598240467,
      0.0,
      0.09268537074148296,
      0.04608294930875576,
      0.05713526441668881,
      0.16025641025641024,
      0.18248175182481752,
      0.19268549747048905,
      0.09774542813758502,
      0.044820717131474105,
      0.07030827474310439,
      0.3258543567722312,
      0.0774971297359357,
      0.20090027951629524,
      0.15246752409502634,
      0.09782661782661783,
      0.11413505523040807,
      0.17768906631182083,
      0.14498757249378624,
      0.13541666666666666,
      0.08281828686055456,
      0.2114179429296506,
      0.09720062208398134,
      0.19514365624205438,
      0.186219739292365,
      0.039457598621796104,
      0.21733444921016845,
      0.2521475118483413
    ],
    "bert_precision": [
      0.8514700531959534,
      0.0,
      0.8373944759368896,
      0.0,
      0.8446904420852661,
      0.8065325617790222,
      0.8346989750862122,
      0.8412952423095703,
      0.8442922830581665,
      0.8605450987815857,
      0.8304987549781799,
      0.8267914056777954,
      0.8508991599082947,
      0.8426678776741028,
      0.8427777886390686,
      0.8728930950164795,
      0.8581445217132568,
      0.8206315040588379,
      0.8469117879867554,
      0.8141360282897949,
      0.8716557621955872,
      0.8442345857620239,
      0.8700273633003235,
      0.859528124332428,
      0.8412452340126038,
      0.839160680770874,
      0.8365000486373901,
      0.8360393643379211,
      0.8165690898895264,
      0.8307287096977234
    ],
    "bert_recall": [
      0.8494856357574463,
      0.0,
      0.8328325152397156,
      0.0,
      0.8075863718986511,
      0.7126187682151794,
      0.7642955780029297,
      0.839847207069397,
      0.8725090026855469,
      0.8702438473701477,
      0.762184739112854,
      0.7577799558639526,
      0.8155198097229004,
      0.8786814212799072,
      0.8036799430847168,
      0.6656327247619629,
      0.847262978553772,
      0.6718415021896362,
      0.7044613361358643,
      0.7115410566329956,
      0.807757556438446,
      0.8269332647323608,
      0.7998518943786621,
      0.8131234049797058,
      0.8160966634750366,
      0.8159700632095337,
      0.818617045879364,
      0.6714726090431213,
      0.8160423040390015,
      0.8578757047653198
    ],
    "bert_f1": [
      0.8504767417907715,
      0.0,
      0.8351072072982788,
      0.0,
      0.8257218599319458,
      0.7566727995872498,
      0.7979474067687988,
      0.8405706286430359,
      0.8581687808036804,
      0.8653672933578491,
      0.7948766350746155,
      0.7907828688621521,
      0.8328338861465454,
      0.8602979779243469,
      0.8227646350860596,
      0.7553024888038635,
      0.8526690602302551,
      0.7388198375701904,
      0.7691465020179749,
      0.7593890428543091,
      0.8384910821914673,
      0.835494339466095,
      0.8334651589393616,
      0.8356820344924927,
      0.8284801244735718,
      0.8274028897285461,
      0.8274619579315186,
      0.7447735667228699,
      0.8163055777549744,
      0.8440840244293213
    ]
  },
  "average_scores": {
    "avg_bleu": 0.014038726514636208,
    "std_bleu": 0.02059539615692037,
    "avg_rouge1": 0.2503625132154139,
    "std_rouge1": 0.09688395349821041,
    "avg_rouge2": 0.058463767312981925,
    "std_rouge2": 0.047604119578989426,
    "avg_rougeL": 0.15825757002801472,
    "std_rougeL": 0.062270099445202745,