{
  "model_name": "qwen3",
  "image_ids": [
    "1",
    "2",
    "3",
    "4",
    "5",
    "6",
    "7",
    "8",
    "9",
    "10",
    "11",
    "12",
    "13",
    "14",
    "15",
    "16",
    "17",
    "18",
    "19",
    "20",
    "21",
    "22",
    "23",
    "24",
    "25",
    "26",
    "27",
    "28",
    "29",
    "30"
  ],
  "categories": [
    "Art, Photos & Cartoons \n(Drawings & Paintings)",
    "Art, Photos & Cartoons \n(Photographs)",
    "Art, Photos & Cartoons \n(Cartoons & Comics) ",
    "Chemistry",
    "Illustrated Diagram (Simple)",
    "Illustrated Diagram (Complex)",
    "Illustrated Diagram (Comparison)",
    "Relational Diagram(Venn)",
    "Relational Diagram \n(Web)",
    "Relational Diagram \n(Tree)",
    "Relational Diagram\n(Flowchart Basic)",
    "Relational Diagram\n(Flowchart Multiple Start Points)",
    "Relational Diagram\n(Flowchart Multiple Paths)",
    "Relational Diagram (Cycle)",
    "Relational Diagram (Cycle)",
    "Graph (Vertical Bar Graph)",
    "Graph (Horizontal Bar Graph)",
    "Graph (Double)",
    "Graph (Line)",
    "Graphs (Pie Chart)",
    "Graphs (Scatter Plot)",
    "Maps (Physical)",
    "Maps (Political)",
    "Maths (Graphs)",
    "Maths (Diagram)",
    "Maths (Geometry)",
    "Table (Simple)",
    "Table (Complex)",
    "Text Only (Nutrition Label)",
    "Text Only (Timeline)"
  ],
  "scores": {
    "bleu": [
      0.008720695571682532,
      0.003330819561259882,
      0.009001383385723226,
      0.006659271909516516,
      0,
      0.0037249603041011737,
      0.009115735590496435,
      0.13004933216249065,
      0.010070319017053691,
      0.2365018483568312,
      0.004973522410778651,
      0.007528971990253459,
      0.06283531151712062,
      0.021831023314895445,
      0.030733394309518793,
      0.13629782754303896,
      0.013125285645028854,
      0.01777873971248956,
      0.029346153121658856,
      0.0121387795109914,
      0.02646885815877009,
      0.026795997007549147,
      0.02146834374105442,
      0.025564942676017735,
      0.00539891525480182,
      0.034785941724610615,
      0.024413131440025052,
      0.043257932561533756,
      0.00873404085141238,
      0.07633297171335769
    ],
    "rouge1": [
      0.2222222222222222,
      0.05479452054794521,
      0.33695652173913043,
      0.5135135135135135,
      0.0,
      0.06629834254143648,
      0.28785046728971964,
      0.46783625730994155,
      0.36842105263157904,
      0.6268656716417912,
      0.3136094674556213,
      0.26455026455026454,
      0.5399449035812671,
      0.45026178010471213,
      0.41798941798941797,
      0.42253521126760557,
      0.28571428571428575,
      0.330188679245283,
      0.3342618384401114,
      0.2897196261682243,
      0.421455938697318,
      0.4033613445378151,
      0.3523316062176166,
      0.39855072463768115,
      0.34677419354838707,
      0.5397923875432525,
      0.4047619047619048,
      0.2058823529411765,
      0.11920529801324505,
      0.40935672514619886
    ],
    "rouge2": [
      0.034782608695652174,
      0.0,
      0.054945054945054944,
      0.33333333333333337,
      0.0,
      0.0111731843575419,
      0.0975609756097561,
      0.18934911242603553,
      0.08928571428571429,
      0.27272727272727276,
      0.04761904761904762,
      0.05319148936170213,
      0.22160664819944598,
      0.14814814814814817,
      0.09574468085106384,
      0.2482269503546099,
      0.09364548494983278,
      0.09523809523809523,
      0.11204481792717087,
      0.12264150943396225,
      0.1776061776061776,
      0.11016949152542374,
      0.078125,
      0.1532846715328467,
      0.056910569105691054,
      0.22996515679442509,
      0.1807228915662651,
      0.08374384236453201,
      0.040268456375838924,
      0.30769230769230765
    ],
    "rougeL": [
      0.15384615384615383,
      0.05479452054794521,
      0.1956521739130435,
      0.4324324324324324,
      0,
      0.05524861878453039,
      0.194392523364486,
      0.2573099415204678,
      0.22807017543859648,
      0.4776119402985075,
      0.1893491124260355,
      0.17460317460317462,
      0.3691460055096419,
      0.2617801047120419,
      0.20634920634920634,
      0.28169014084507044,
      0.23920265780730895,
      0.2169811320754717,
      0.18384401114206128,
      0.1588785046728972,
      0.3218390804597701,
      0.23529411764705885,
      0.1761658031088083,
      0.29710144927536236,
      0.24193548387096772,
      0.2975778546712803,
      0.2857142857142857,
      0.12254901960784315,
      0.11920529801324505,
      0.39766081871345027
    ],
    "meteor": [
      0.13972055888223553,
      0.07299270072992702,
      0.16368711995577667,
      0.19434628975265017,
      0.0,
      0.04432456901429703,
      0.10160350820180104,
      0.4258474353446009,
      0.23773368848174053,
      0.4749992850810718,
      0.1018626309662398,
      0.10789898732467693,
      0.2219927723283428,
      0.3938958632606751,
      0.17605633802816903,
      0.3227789661319074,
      0.2507992192660775,
      0.16229913110574343,
      0.1351481098003624,
      0.24911032028469754,
      0.25104632356851136,
      0.23442724630741157,
      0.12643158832143112,
      0.24638794106967404,
      0.12443438914027148,
      0.25333078355108596,
      0.2409638554216867,
      0.10481709075931982,
      0.10542168674698796,
      0.49924384509721065
    ],
    "bert_precision": [
      0.8582777976989746,
      0.8223728537559509,
      0.8502116203308105,
      0.8823038935661316,
      0.0,
      0.8285518884658813,
      0.8590304851531982,
      0.8801581263542175,
      0.8552877902984619,
      0.9061604142189026,
      0.8272572755813599,
      0.8203945159912109,
      0.8512753248214722,
      0.8156263828277588,
      0.8395907878875732,
      0.8471555709838867,
      0.8131957054138184,
      0.8502237796783447,
      0.8623411059379578,
      0.8286192417144775,
      0.8645917773246765,
      0.8353318572044373,
      0.8371830582618713,
      0.838017463684082,
      0.8588880300521851,
      0.8514370322227478,
      0.8256922960281372,
      0.8180589079856873,
      0.7876029014587402,
      0.8621097207069397
    ],
    "bert_recall": [
      0.8465540409088135,
      0.8737569451332092,
      0.8292345404624939,
      0.921306312084198,
      0.0,
      0.6801543235778809,
      0.7811760902404785,
      0.8853073716163635,
      0.8829687833786011,
      0.9069973826408386,
      0.7723496556282043,
      0.7769529819488525,
      0.8152768015861511,
      0.8884082436561584,
      0.8541294932365417,
      0.7076964378356934,
      0.7037200331687927,
      0.8620917201042175,
      0.7321802377700806,
      0.766613245010376,
      0.8383358716964722,
      0.8513128757476807,
      0.815044641494751,
      0.8457303643226624,
      0.8525960445404053,
      0.8574998378753662,
      0.8440448045730591,
      0.6952503323554993,
      0.816307783126831,
      0.9033364653587341
    ],
    "bert_f1": [
      0.8523756265640259,
      0.847286581993103,
      0.8395920395851135,
      0.9013833999633789,
      0.0,
      0.7470548152923584,
      0.8182555437088013,
      0.882725179195404,
      0.8689078688621521,
      0.9065786600112915,
      0.7988610863685608,
      0.7980830073356628,
      0.8328872919082642,
      0.8504630327224731,
      0.8467977643013,
      0.7711717486381531,
      0.7545074224472046,
      0.8561165928840637,
      0.7919481992721558,
      0.7964111566543579,
      0.8512614369392395,
      0.8432466387748718,
      0.8259655833244324,
      0.8418563008308411,
      0.8557304739952087,
      0.854457676410675,
      0.8347676992416382,
      0.751671552658081,
      0.8016985058784485,
      0.8822417259216309
    ]
  },
  "average_scores": {
    "avg_bleu": 0.034899481668802086,
    "std_bleu": 0.04979458444424071,
    "avg_rouge1": 0.33983355066662224,
    "std_rouge1": 0.14433314114572152,
    "avg_rouge2": 0.12465842310089827,