{
  "model_name": "qwen2.5vl_latest",
  "image_ids": [
    "1",
    "2",
    "3",
    "4",
    "5",
    "6",
    "7",
    "8",
    "9",
    "10",
    "11",
    "12",
    "13",
    "14",
    "15",
    "16",
    "17",
    "18",
    "19",
    "20",
    "21",
    "22",
    "23",
    "24",
    "25",
    "26",
    "27",
    "28",
    "29",
    "30"
  ],
  "categories": [
    "Art, Photos & Cartoons \n(Drawings & Paintings)",
    "Art, Photos & Cartoons \n(Photographs)",
    "Art, Photos & Cartoons \n(Cartoons & Comics) ",
    "Chemistry",
    "Illustrated Diagram (Simple)",
    "Illustrated Diagram (Complex)",
    "Illustrated Diagram (Comparison)",
    "Relational Diagram(Venn)",
    "Relational Diagram \n(Web)",
    "Relational Diagram \n(Tree)",
    "Relational Diagram\n(Flowchart Basic)",
    "Relational Diagram\n(Flowchart Multiple Start Points)",
    "Relational Diagram\n(Flowchart Multiple Paths)",
    "Relational Diagram (Cycle)",
    "Relational Diagram (Cycle)",
    "Graph (Vertical Bar Graph)",
    "Graph (Double)",
    "Graph (Horizontal Bar Graph)",
    "Graph (Line)",
    "Graphs (Pie Chart)",
    "Graphs (Scatter Plot)",
    "Maps (Physical)",
    "Maps (Political)",
    "Maths (Graphs)",
    "Maths (Diagram)",
    "Maths (Geometry)",
    "Table (Simple)",
    "Table (Complex)",
    "Text Only (Nutrition Label)",
    "Text Only (Timeline)"
  ],
  "scores": {
    "bleu": [
      0.003326572283500578,
      0.0015269396640145824,
      0.010582062463085646,
      0.04270804897554742,
      0.059035825748733596,
      0.0026900217968855713,
      0,
      0.11239910127491459,
      0.0059451574654576685,
      0.03952058335700393,
      0.004015774445653439,
      0.016461024778973897,
      0.007452880812555523,
      0.028323968652034178,
      0.03367899472034755,
      0.08066313951184204,
      0.012830852662904142,
      0.006579098028280621,
      0.03375639450706035,
      0.006348499860799434,
      0.05074724726801177,
      0.012040811410178438,
      0.030494212413992458,
      0.011688522239416882,
      0.04234100415405348,
      0.07431239873004203,
      0.034718597482689795,
      0.0607675902421609,
      0.0035888039715720682,
      0.022348490269256505
    ],
    "rouge1": [
      0.17322834645669288,
      0.02666666666666667,
      0.2755344418052257,
      0.29585798816568043,
      0.48822269807280516,
      0.22727272727272727,
      0.0,
      0.39830508474576276,
      0.303030303030303,
      0.2691131498470948,
      0.2958057395143488,
      0.29421487603305785,
      0.3847283406754773,
      0.227390180878553,
      0.3785394932935917,
      0.3626373626373627,
      0.20046620046620048,
      0.20676691729323307,
      0.36716417910447763,
      0.2246376811594203,
      0.4721311475409837,
      0.2942643391521197,
      0.4078549848942598,
      0.37150127226463103,
      0.37229437229437223,
      0.5270935960591133,
      0.42285714285714293,
      0.3017656500802568,
      0.1116751269035533,
      0.24324324324324326
    ],
    "rouge2": [
      0.015873015873015872,
      0.0,
      0.08591885441527447,
      0.1437125748502994,
      0.13333333333333336,
      0.091324200913242,
      0.0,
      0.23931623931623933,
      0.0816326530612245,
      0.11076923076923076,
      0.04878048780487805,
      0.06965174129353234,
      0.1354933726067747,
      0.1142857142857143,
      0.1195814648729447,
      0.22099447513812154,
      0.032786885245901634,
      0.049056603773584895,
      0.11976047904191617,
      0.051094890510948905,
      0.17821782178217824,
      0.10526315789473685,
      0.13333333333333336,
      0.1278772378516624,
      0.13478260869565217,
      0.2871287128712871,
      0.1271676300578035,
      0.11272141706924316,
      0.020512820512820516,
      0.17006802721088438
    ],
    "rougeL": [
      0.10236220472440943,
      0.02666666666666667,
      0.16627078384798097,
      0.26035502958579876,
      0.2612419700214133,
      0.1590909090909091,
      0,
      0.3050847457627119,
      0.1717171717171717,
      0.18960244648318045,
      0.17660044150110374,
      0.1652892561983471,
      0.23494860499265788,
      0.18087855297157626,
      0.21162444113263784,
      0.2197802197802198,
      0.14452214452214454,
      0.13909774436090228,
      0.2,
      0.14492753623188406,
      0.34098360655737703,
      0.20448877805486285,
      0.22960725075528704,
      0.2442748091603053,
      0.2380952380952381,
      0.3251231527093596,
      0.2285714285714286,
      0.18298555377207065,
      0.1116751269035533,
      0.22972972972972974
    ],
    "meteor": [
      0.17268445839874413,
      0.04716981132075472,
      0.22303325223033255,
      0.22727272727272727,
      0.2617058517111415,
      0.08084705901650774,
      0.0,
      0.4031546035593211,
      0.25490196078431376,
      0.2060606060606061,
      0.113882863340564,
      0.19943459105737465,
      0.26350752878653677,
      0.26202333990795534,
      0.2328316086547507,
      0.3370889438490428,
      0.13602251407129456,
      0.1718399719775821,
      0.24558753642157097,
      0.18720748829953202,
      0.34365556648119727,
      0.2923174997051276,
      0.24620858357428257,
      0.265681619423116,
      0.2940302055381817,
      0.3519973404255319,
      0.2975206611570248,
      0.18535967485717422,
      0.15927318295739346,
      0.29584874685146545
    ],
    "bert_precision": [
      0.8371390700340271,
      0.7970520853996277,
      0.8253405094146729,
      0.8377034664154053,
      0.8513259887695312,
      0.8067227602005005,
      0.0,
      0.8684946894645691,
      0.8250873684883118,
      0.776447057723999,
      0.8196403980255127,
      0.8088618516921997,
      0.8215240240097046,
      0.8159336447715759,
      0.8222236633300781,
      0.8439350128173828,
      0.8147932291030884,
      0.7922509908676147,
      0.8390175700187683,
      0.8042447566986084,
      0.8751765489578247,
      0.8265517950057983,
      0.8307900428771973,
      0.8176966309547424,
      0.8294190168380737,
      0.8338437080383301,
      0.8409386277198792,
      0.8077830076217651,
      0.7754194140434265,
      0.833758533000946
    ],
    "bert_recall": [
      0.8575178980827332,
      0.8659133911132812,
      0.841097354888916,
      0.9079844951629639,
      0.8546013832092285,
      0.7699987292289734,
      0.0,
      0.903042733669281,
      0.8779392242431641,
      0.8630944490432739,
      0.8511802554130554,
      0.8042320013046265,
      0.8265364170074463,
      0.8777652978897095,
      0.8502451777458191,
      0.7156256437301636,
      0.8686838746070862,
      0.7051839828491211,
      0.8153163194656372,
      0.7516376972198486,
      0.8494992256164551,
      0.8512668013572693,
      0.8410114049911499,
      0.8587228655815125,
      0.8605160713195801,
      0.864818274974823,
      0.855898916721344,
      0.7588229179382324,
      0.8131039142608643,
      0.9002306461334229
    ],
    "bert_f1": [
      0.8472059369087219,
      0.8300570249557495,
      0.8331444263458252,
      0.8714292645454407,
      0.8529605269432068,
      0.7879331111907959,
      0.0,
      0.8854318261146545,
      0.8506932258605957,
      0.8174811005592346,
      0.8351125717163086,
      0.8065402507781982,
      0.8240225911140442,
      0.8457208871841431,
      0.8359996676445007,
      0.774502158164978,
      0.8408759832382202,
      0.7461862564086914,
      0.8269972205162048,
      0.7770518064498901,
      0.8621467351913452,
      0.8387272953987122,
      0.8358694314956665,
      0.8377076983451843,
      0.8446813821792603,
      0.8490485548973083,
      0.8483527898788452,
      0.7825379371643066,
      0.7938146591186523,
      0.8657205104827881
    ]
  },
  "average_scores": {
    "avg_bleu": 0.02836308730636564,
    "std_bleu": 0.027217863916680855,
    "avg_rouge1": 0.29747544174694523,
    "std_rouge1": 0.12123316791856399,
    "avg_rouge2": 0.10868129947952593,